No,Date,Character,Outfit,Situation,Fetish
1,2025-06-30,瞳,,,
2,2025-07-01,陽菜々,セーラー服,,
3,2025-07-02,琴子,制服,,
4,2025-07-03,夏姫,ブルマ,,
5,2025-07-04,夏姫,ギャル制服,,
6,2025-07-05,夏姫,セーラーブルマ,,
7,2025-07-12,琴子,競泳水着,,
8,2025-07-13,優希,ゼシカ,,
9,2025-07-14,優希,ゼシカ,,
10,2025-07-15,夏姫,ギャル,,
11,2025-07-16,つばさ,アリーナ,,
12,2025-07-17,つばさ,パクノダ,,
13,2025-07-18,愛子,アーニャ,,
14,2025-07-19,理沙,バスケ,,
15,2025-07-20,夏姫,ビキニ,,
16,2025-07-21,つばさ,Tバックスパッツ,,
17,2025-07-22,陽菜々,Ani,,
18,2025-07-23,つばさ,ティファ,,
19,2025-07-24,理沙,チャイナドレス,,
20,2025-07-25,理沙,チャイナドレス,,
21,2025-07-26,理沙,チャイナドレス,,
22,2025-07-27,理沙,チャイナドレス,,
23,2025-07-28,理沙,セーラー服,,
24,2025-07-29,つばさ,メイド服,,
25,2025-07-30,夏姫,パンチラガード,,
26,2025-07-31,つばさ,マーニャ,,
27,2025-08-01,陽菜々,ブルマ,,
28,2025-08-02,優希,ブルマ,,
29,2025-08-03,夏姫,セーラームーン,,
30,2025-08-04,愛子,セーラーちびムーン,,
31,2025-08-06,琴子,制服図鑑1,,
32,2025-08-07,琴子,制服図鑑2,,
33,2025-08-08,つばさ,高級キャバクラ,,
34,2025-08-09,琴子,セーラー服,,
35,2025-08-10,琴子,セーラー服,,
36,2025-08-11,つばさ,ブルマ,,
37,2025-08-12,琴子,栗花落カナヲ,,
38,2025-08-13,琴子,栗花落カナヲ,,
39,2025-08-14,夏姫,ブルマ,,
40,2025-08-15,夏姫,ブルマ,,
41,2025-08-16,理沙,競泳水着,,
42,2025-08-17,sexyBLUE48,ブルマ,,
43,2025-08-18,優希,ブルマンクライン,,
44,2025-08-19,つばさ,鏡自撮り,,
45,2025-08-20,つばさ,ブルマ,,
46,2025-08-21,琴子,栗花落カナヲ,,
47,2025-08-22,波月,バニーガール,,
48,2025-08-23,波月,バニーガール,,
49,2025-08-24,陽菜々,ビキニ,,
50,2025-08-25,陽菜々,ビキニ,,
51,2025-08-26,夏姫,セーラー服,,
52,2025-08-27,夏姫,ミニスカナース,,
53,2025-08-28,夏姫,ミニスカナース,,
54,2025-08-29,夏姫,ミニスカナース,,
55,2025-08-30,夏姫,ミニスカナース,,
56,2025-08-31,夏姫,ビキニ,,
57,2025-09-01,夏姫,ビキニ,,
58,2025-09-02,夏姫,ミニスカナース,,
59,2025-09-03,夏姫,ミニスカナース,,
60,2025-09-04,優希,ビキニ,,
61,2025-09-05,優希,ビキニ,,
62,2025-09-06,瞳ママ,タンク+ショーパン,,
63,2025-09-07,瞳ママ,タンク+ショーパン,,
64,2025-09-09,つばさ,ブラはずし,,
65,2025-09-10,優希,ビキニ,,
66,2025-09-11,Kodora,爆乳+下着,,
67,2025-09-12,Kodora,爆乳+スク水,,
68,2025-09-13,Kodora,巨乳+スク水,,
69,2025-09-14,HARUKI_MIX(IL),巨乳+セーラー服,,
70,2025-09-15,HARUKI_MIX(IL),教室+セーラー服,,
71,2025-09-16,HARUKI_MIX(IL),階段+セーラー服,,
72,2025-09-17,HARUKI_MIX(IL),ホテル+セーラー服,,
73,2025-09-18,HARUKI_MIX(IL),ホテル+ブルマ,,
74,2025-09-19,つばさ,リブニット+ミニスカ,,
75,2025-09-20,つばさ,新メイド服,,
76,2025-09-21,HARUKI_MIX(IL),JKリフレ嬢,,
77,2025-09-22,HARUKI_MIX(IL),JKリフレ嬢,,
78,2025-09-23,つばさ,巨乳メイド,,
79,2025-09-24,夏姫,ギャルビキニ,,
80,2025-09-25,夏姫,しまかぜコス,,
81,2025-09-26,夏姫,しまかぜコス,,
82,2025-09-27,理沙,チャイナ+網タイツ,,
83,2025-09-28,つばさ,競泳水着+Tバック,,
84,2025-09-29,陽菜々,Tバックビキニ+ナイトプール,,
85,2025-09-30,陽菜々,秋の制服コーデ,,
86,2025-10-01,陽菜々,秋の私服コーデ,,
87,2025-10-02,理沙,ベイコス,,
88,2025-10-03,陽菜々,ブルマ,,
89,2025-10-04,優希,ブルマ,,
90,2025-10-05,優希,ブルマ,,
91,2025-10-06,琴子,ブレザー+絶対領域,,
92,2025-10-07,つばさ,チアコス,,
93,2025-10-08,愛子,セーラー服+絶対領域,,
94,2025-10-09,瞳ママ,CAコス,,
95,2025-10-10,愛子,セーラーブレザー,,
96,2025-10-11,夏姫,ギャル制服,,
97,2025-10-12,優希,セーラー服ブラチラ,,
98,2025-10-13,Kodora,巨乳+セーラー服,,
99,2025-10-14,つばさ,ブルマ+網タイツ+ハイヒール,,
100,2025-10-15,いろは,下着,,
101,2025-10-16,優希,RQ,,
102,2025-10-17,夏姫,RQ,,
103,2025-10-18,琴子,チャイナドレス,,
104,2025-10-19,HARUKI_MIX(IL),机載せ爆乳,,
105,2025-10-20,夏姫,チャイナドレス,,
106,2025-10-21,陽菜々,ギャル制服,,
107,2025-10-22,つばさ,ブルマ、メイド,,
108,2025-10-23,いろは,マイクロミニセーラー服,,
109,2025-10-24,いろは,バニーガール,,
110,2025-10-25,つばさ,ローライズブルマ,,
111,2025-10-26,いろは,バニーガール,,
112,2025-10-27,理沙,チャイナドレス,,
113,2025-10-28,愛子,チャイナドレス,,
114,2025-10-29,HARUKI_MIX(IL),ブルマxディズニー,,
115,2025-10-30,HARUKI_MIX(IL),半脱ぎブルマ+Tバック,,
116,2025-10-31,いろは,ニットセーターxパイスラ,,
117,2025-11-01,いろは,ニットセーターxパイスラ,,
118,2025-11-02,sexyBLUE48,ブルマ,,
119,2025-11-03,sexyBLUE48,ブルマ+尻谷,,
120,2025-11-04,いろは,爆乳+パンスト越しのパンチラ,,
121,2025-11-05,いろは,爆乳+パンスト越しのパンチラ,,
122,2025-11-06,陽菜々,スウェット+パンティライン,,
123,2025-11-07,sexyBLUE48,ブル尻お触り,,
124,2025-11-08,sexyBLUE48,パイタッチ交流会,,
125,2025-11-09,sexyBLUE48,パイタッチ交流会,,
126,2025-11-10,HARUKI_MIX(IL),ツインテミニスカ制服電車パンチラ,,
127,,陽菜々,ベージュブレザー+黒チェックミニスカ,駅の階段、通学中,パンチラ、逆光
128,,夏姫,チャイナドレス+網タイツ+ルーズソックス,学園祭,美脚
129,,愛子,スク水+ネコ耳+猫の手,ナイトプール,怪しい x かわいい
130,2025/11/11,HARUKI_MIX(IL),ツインテミニスカ制服,電車パンチラ,
131,,,ニットワンピ+黒スト,,
132,,,ブルマ+ジャージ+萌え袖,,
133,,琴子,スク水メイド,,
134,,瞳ママ,CAコス,壁を背にして座って電話,
135,,夏姫,スク水,部活動リレー,
136,,陽菜々,スク水,部活動リレー,
137,,陽菜々,ビキニ,手で水をかける動作,
138,,夏姫,ビキニ,手で水をかける動作,
139,,sexyBLUE48,ミニスカ制服+ブルマチラ,ステージ上,
140,,夏姫,競泳水着,前くい込ませ,
141,,優希,競泳水着,前くい込ませ,
142,,琴子,ボーダー青白ワンピース,,
143,,愛子,ボーダー青白ワンピース,,
144,,いろは,ミニスカ制服,押さえなくても見えないのにパンチラガード,
145,,いろは,エレベーターガール制服,,
146,,夏姫,制服,おパンツを持つ,
147,,いろは,ブルマ,ブルマ直し,
148,,陽菜々,ブルマ,ブルマ直し,
149,,夏姫,ブルマ,ブルマ直し,
150,,優希,ブルマ,ブルマ直し,
151,,理沙,ブルマ,ブルマ直し,
152,,つばさ,ブルマ,ブルマ直し,
153,,夏姫,スク水+ゆるTシャツ,プール,
154,,琴子,スク水+ゆるTシャツ,プール,
155,,陽菜々,スク水+ゆるTシャツ,プール,
156,,いろは,スク水+ゆるTシャツ,プール,
157,,理沙,スク水+ゆるTシャツ,プール,
158,,優希,スク水+ゆるTシャツ,プール,
159,,愛子,スク水+ゆるTシャツ,プール,
160,,HARUKI_MIX(IL),制服,電車+吊り革LoRA,
161,,いろは,競泳水着,背泳ぎ,爆乳
162,,優希,競泳水着,背泳ぎ,爆乳
163,,つばさ,競泳水着,背泳ぎ,
164,,夏姫,サイドレースアップショーパン,,
165,,陽菜々,ローライズショーパン,,
166,,理沙,ローライズショーパン,,
167,,つばさ,ローライズショーパン,,
168,,つばさ,バレーボールブルマ,体育館,お尻を突き出すポーズ
169,,理沙,バレーボールブルマ,体育館,お尻を突き出すポーズ
170,,陽菜々,バレーボールブルマ,体育館,お尻を突き出すポーズ
171,,夏姫,バレーボールブルマ,体育館,お尻を突き出すポーズ
172,,いろは,バレーボールブルマ,体育館,お尻を突き出すポーズ
173,,いろは,DTKワンピース,,
174,,優希,DTKワンピース,,
175,,夏姫,DTKワンピース,,
176,,つばさ,DTKワンピース,,
177,,HARUKI_MIX(IL),ブルマ,,インとアウトを同時に
178,,夏姫,ヒョウ柄ワンピース,,
179,,夏姫,ヒョウ柄タイトスカート,,
180,,陽菜々,ヒョウ柄ワンピース,,
181,,陽菜々,ヒョウ柄タイトスカート,,
182,,いろは,オフショルセーター+ブルマ,,
183,,優希,オフショルセーター+ブルマ,,
184,,陽菜々,オフショルセーター+ブルマ,,
185,,夏姫,オフショルセーター+ブルマ,,
186,,夏姫,ハートカットの体操服+ブルマ,,
187,,理沙,制服,,髪を結ぶ仕草
188,,琴子,ジャンパースカート,制服図鑑,
189,,理沙,透け白シャツ,,